<?xml version="1.0" encoding="UTF-8"?>
<project-private xmlns="http://www.netbeans.org/ns/project-private/1">
    <editor-bookmarks xmlns="http://www.netbeans.org/ns/editor-bookmarks/2" lastBookmarkId="0"/>
    <open-files xmlns="http://www.netbeans.org/ns/projectui-open-files/2">
        <group>
            <file>file:/C:/Users/Life/Documents/NetBeansProjects/Medicine%20Inventory%20System%202/src/Home.java</file>
            <file>file:/C:/Users/Life/Documents/NetBeansProjects/Medicine%20Inventory%20System%202/src/Statistics.java</file>
            <file>file:/C:/Users/Life/Documents/NetBeansProjects/Medicine%20Inventory%20System%202/src/Login.java</file>
            <file>file:/C:/Users/Life/Documents/NetBeansProjects/Medicine%20Inventory%20System%202/src/AdminLogin.java</file>
            <file>file:/C:/Users/Life/Documents/NetBeansProjects/Medicine%20Inventory%20System%202/src/Admin.java</file>
            <file>file:/C:/Users/Life/Documents/NetBeansProjects/Medicine%20Inventory%20System%202/src/PharmacistLogin.java</file>
        </group>
    </open-files>
</project-private>
